Source path,Class name,Checksum,Description,Responsibility,Pattern 1,Pattern 2,Pattern 3,Inference time (ms),Input tokens,Output tokens
src/main/java/org/springframework/samples/petclinic/PetClinicApplication.java,org.springframework.samples.petclinic.PetClinicApplication,2ef1e1764877d1a8cde97d4db33c05ebd6230a46f0e4050168236444e8c49456,Launches the Spring Boot application by running the PetClinicApplication class.,Application launcher,Spring Boot Application,,,914,480,64
src/main/java/org/springframework/samples/petclinic/PetClinicRuntimeHints.java,org.springframework.samples.petclinic.PetClinicRuntimeHints,2f0fbb65ec173f0645fdce744e195ce0f64dd3838fbcd6adbb9d9b7430209f37,Registers runtime hints for resource patterns and serialization types to enable proper Ahead-of-Time (AOT) compilation and native image generation.,Runtime hint registration,Spring Boot Runtime Hints,,,807,468,79
src/main/java/org/springframework/samples/petclinic/model/BaseEntity.java,org.springframework.samples.petclinic.model.BaseEntity,41156cc88654c84484ae829eac4029bf6f5bc9adfca39b5eae8a8fe92fe29b71,A base entity class that provides common identity management functionality for domain objects in a persistence layer.,Domain entity base,Base class inheritance,Domain object model,,1106,510,88
src/main/java/org/springframework/samples/petclinic/model/NamedEntity.java,org.springframework.samples.petclinic.model.NamedEntity,a581e7d02a9f0385f70962c54670b97306d2cb5b62b4f07fdf738b2310a6e812,"A base domain object that extends BaseEntity with a name property, serving as a foundation for other entities that require naming capabilities.",Domain entity base,Inheritance,Composition,,1133,522,91
src/main/java/org/springframework/samples/petclinic/model/Person.java,org.springframework.samples.petclinic.model.Person,8ad1030a44b5c78923a5e50f954d24f3bf5a919c0eff42f5474144c7f0878c9e,Represents a person entity with first and last name fields for persistence in a database.,Domain entity,Entity,Value Object,Data Transfer Object,1153,510,102
src/main/java/org/springframework/samples/petclinic/owner/Owner.java,org.springframework.samples.petclinic.owner.Owner,db658cae0587a68857bda101edbd2ebc41ba1824199ee162eeccca054c11746e,Represents an owner entity with personal details and manages their associated pets in a veterinary management system.,Owner entity management,Entity,Value Object,Aggregate Root,1148,1083,104
src/main/java/org/springframework/samples/petclinic/owner/OwnerController.java,org.springframework.samples.petclinic.owner.OwnerController,ecac808cdcf7fa39d4f3147dc82a0a7922858d2837eb05fabd770022b4602a78,"Manages CRUD operations for pet clinic owners through web forms, handling creation, retrieval, updating, and searching of owner entities.",Owner Management,MVC Controller,Repository Pattern,Data Transfer Object,1164,1136,111
src/main/java/org/springframework/samples/petclinic/owner/OwnerRepository.java,org.springframework.samples.petclinic.owner.OwnerRepository,5e8b35426757a6129b2a3ed583a1b21d3c1d5e6e1fdaba31cfb58195f30ad855,Provides data access operations for Owner entities with methods to find owners by last name prefix and retrieve owners by ID.,Data Access,Repository,Data Mapper,,1137,846,88
src/main/java/org/springframework/samples/petclinic/owner/Pet.java,org.springframework.samples.petclinic.owner.Pet,babbddcda1f7dc75d3294865d85ad24fa13edb261348ad2e2ac534faf9c23256,"Represents a pet entity with its type, birth date, and associated veterinary visits.",Pet entity,Entity,Domain Object,,1081,662,83
src/main/java/org/springframework/samples/petclinic/owner/PetController.java,org.springframework.samples.petclinic.owner.PetController,f54fd2b0a680d06d43f1a8cb17a52a73b0501a9b3610b730d9fd83f627a18449,"Handles web requests for creating and updating pet information associated with owners, providing model attributes and form processing capabilities.",Pet management,MVC Controller,Dependency Injection,Data Transfer Object,1209,1183,107
src/main/java/org/springframework/samples/petclinic/owner/PetType.java,org.springframework.samples.petclinic.owner.PetType,b59ce06e34b1a62d6068c54779583774503d53a1579ab739857133bcccbe2cb2,"Represents a type of pet with a name, extending a named entity base class.",Pet type management,Entity,Inheritance,,1019,438,83
src/main/java/org/springframework/samples/petclinic/owner/PetTypeFormatter.java,org.springframework.samples.petclinic.owner.PetTypeFormatter,205b60fdf30d015f7432f0a941f59163aabd47e11fe0efa7f97c3956c613418b,"Handles formatting and parsing of PetType objects for Spring MVC applications, converting between PetType instances and their string representations.",Data formatting and parsing,Formatter,Component,,1079,658,90
src/main/java/org/springframework/samples/petclinic/owner/PetTypeRepository.java,org.springframework.samples.petclinic.owner.PetTypeRepository,c11b3be249b148aba6431568d988e3ca5bed978c90bc49a36b17cd480ab7e75b,Provides data access operations for PetType domain objects.,Data Access,Repository,Data Mapper,,991,538,76
src/main/java/org/springframework/samples/petclinic/owner/PetValidator.java,org.springframework.samples.petclinic.owner.PetValidator,fd39a1278020105403fa8464f8737470e88978d0023a92cbc5734a6aa4824660,"Validates Pet objects by checking if their name, type (for new pets), and birth date fields are properly set, adding validation errors when any required field is missing.",Pet validation,Validator,,,863,617,82
src/main/java/org/springframework/samples/petclinic/owner/Visit.java,org.springframework.samples.petclinic.owner.Visit,c7f328eeb6c0ed031c2e988619df6aa59bf213a68b520603c08afd40b693a4b3,"Represents a visit domain object with date and description attributes, serving as a data model for visit records in the system.",Domain object,JavaBean,Entity,,1016,562,90
src/main/java/org/springframework/samples/petclinic/owner/VisitController.java,org.springframework.samples.petclinic.owner.VisitController,b1f595b5e0f0600becaa51d9745c74008210e64b36862b81b5667056a6d5fc65,"Manages visit-related operations for pets, including loading pet data with visits, preparing visit forms, and processing visit submissions.",Visit management,Controller,Model-View-Controller,,1130,877,94
src/main/java/org/springframework/samples/petclinic/system/CacheConfiguration.java,org.springframework.samples.petclinic.system.CacheConfiguration,60b21cc9f55073513e7eebe11e7f38f82da0c782da43fa3ce21072ed7ad23373,A configuration class that sets up JCache-based caching with statistics enabled for the application.,Caching configuration,Configuration,Factory,Customizer,905,624,76
src/main/java/org/springframework/samples/petclinic/system/CrashController.java,org.springframework.samples.petclinic.system.CrashController,86bbf9eb93115621f84a117a635a5b014b454f91400e787b22fca59d59bdcc55,Triggers an exception to demonstrate error handling behavior in the application.,Exception demonstration,Controller,,,734,495,60
src/main/java/org/springframework/samples/petclinic/system/WebConfiguration.java,org.springframework.samples.petclinic.system.WebConfiguration,f40c742c80628cd9380d28005612a2db8dbb559c4013216024ac53e1d1352259,"Configures internationalization (i18n) support for the application by handling language-specific message loading, user language tracking, and URL-based language switching.",Internationalization configuration,Configuration,Bean Factory,,1213,762,99
src/main/java/org/springframework/samples/petclinic/system/WelcomeController.java,org.springframework.samples.petclinic.system.WelcomeController,0dec75bf486a2e43c9a554b44280b9ab9b2ffdb7f84644ef3092e2caeae121de,Returns a welcome message for the root path of the application.,Welcome handling,Front Controller,MVC,,843,439,78
src/main/java/org/springframework/samples/petclinic/vet/Specialty.java,org.springframework.samples.petclinic.vet.Specialty,2fec3eef50ad03e915d13a9471370536c680633f3f85b42843f5b160d23d9b76,"Represents a veterinary specialty such as dentistry, modeling the domain concept of a vet's area of expertise.",Specialty modeling,Entity,,,927,448,70
src/main/java/org/springframework/samples/petclinic/vet/Vet.java,org.springframework.samples.petclinic.vet.Vet,969230c56feffc7ccbcb29c3dd0dee5cc0a2362808bc771bdbd788fd21322b40,Represents a veterinarian in the system with their associated specialties.,Veterinary data management,Domain Model,Entity,JavaBean,1057,620,98
src/main/java/org/springframework/samples/petclinic/vet/VetController.java,org.springframework.samples.petclinic.vet.VetController,14e4d79ad4080d82a11b0333ad35f6ab986e3e1e5c5606ae46c5901648dc4b1d,"Manages veterinarian data retrieval and presentation through web endpoints, providing both HTML views and JSON resources for client consumption.",Veterinarian data presentation,MVC Controller,Repository pattern,,1164,623,92
src/main/java/org/springframework/samples/petclinic/vet/VetRepository.java,org.springframework.samples.petclinic.vet.VetRepository,977e51e5f93556b592fbebe06e98c38e44a1e3a7b714367508cd25afe7705359,Provides data access operations for veterinarian entities with caching support.,Data access,Repository,Data Access Object,,955,723,78
src/main/java/org/springframework/samples/petclinic/vet/Vets.java,org.springframework.samples.petclinic.vet.Vets,ca143663ca0b1821b1acb6c4c251ecfa886e4f7d2b01c28832a0d5035fd5ad95,A domain object that represents a collection of veterinarians for XML marshaling purposes.,Data container,Domain Model,Value Object,,981,490,82
